{
  "name": "naruto5e",
  "title": "Naruto 5e Custom System",
  "description": "A system for playing the Naruto5e system in the Foundry Virtual Tabletop environment.",
  "version": "0.5",
  "author": "Yaco, Naruto5e base system made by Kingsare4ever",
  "scripts": [],
  "esmodules": ["naruto5e.js"],
  "styles": ["naruto5e.css"],
  "packs": [
    {
      "name": "non-elemental-e-rank",
      "label": "Non Elemental E-rank",
      "system": "naruto5e",
      "path": "./packs/non-elemental-e-rank.db",
      "entity": "Item"
    },
    {
      "name": "non-elemental-d-rank",
      "label": "Non Elemental D-rank",
      "system": "naruto5e",
      "path": "./packs/non-elemental-d-rank.db",
      "entity": "Item"
    },
    {
      "name": "non-elemental-c-rank",
      "label": "Non Elemental C-rank",
      "system": "naruto5e",
      "path": "./packs/non-elemental-c-rank.db",
      "entity": "Item"
    },
    {
      "name": "non-elemental-b-rank",
      "label": "Non Elemental B-rank",
      "system": "naruto5e",
      "path": "./packs/non-elemental-b-rank.db",
      "entity": "Item"
    }
  ],
  "languages": [
    {
      "lang": "en",
      "name": "English",
      "path": "lang/en.json"
    }
  ],
  "socket": true,
  "gridDistance": 5,
  "gridUnits": "ft",
  "primaryTokenAttribute": "attributes.hp",
  "secondaryTokenAttribute": "attributes.cp",
  "minimumCoreVersion": "0.8.9",
  "compatibleCoreVersion": "0.8.9",
  "url": "https://discord.gg/Gxpm3GXDZT",
  "manifest": "https://raw.githubusercontent.com/yacon5e/naruto5e/main/system.json",
  "download": "https://github.com/yacon5e/naruto5e/raw/main/naruto5e.zip"
}