{
  "Actor": {
    "types": ["character", "npc", "vehicle"],
    "templates": {
      "common": {
        "abilities": {
          "str": {
            "value": 10,
            "proficient": 0,
            "bonuses": {
              "check": "",
              "save": ""
            }
          },
          "dex": {
            "value": 10,
            "proficient": 0,
            "bonuses": {
              "check": "",
              "save": ""
            }
          },
          "con": {
            "value": 10,
            "proficient": 0,
            "bonuses": {
              "check": "",
              "save": ""
            }
          },
          "int": {
            "value": 10,
            "proficient": 0,
            "bonuses": {
              "check": "",
              "save": ""
            }
          },
          "wis": {
            "value": 10,
            "proficient": 0,
            "bonuses": {
              "check": "",
              "save": ""
            }
          },
          "cha": {
            "value": 10,
            "proficient": 0,
            "bonuses": {
              "check": "",
              "save": ""
            }
          }
        },
        "attributes": {
          "ac": {
            "flat": null,
            "calc": "default",
            "formula": ""
          },
          "hp": {
            "value": 10,
            "min": 0,
            "max": 10,
            "temp": 0,
            "tempmax": 0  
          },
          "ch": {
            "value": 10,
            "min": 0,
            "max": 10,
            "temp": 0,
            "tempmax": 0  
          },
          "cdd": {
            "value": 10,
            "min": 0,
            "max": 10,
            "temp": 0,
            "tempmax": 0        
          },
          "init": {
            "value": 0,
            "bonus": 0
          },
          "movement": {
            "burrow": 0,
            "climb": 0,
            "fly": 0,
            "swim": 0,
            "walk": 30,
            "units": "ft",
            "hover": false
          }
        },
        "details": {
          "biography": {
            "value": "",
            "public": ""
          }
        },
        "traits": {
          "size": "med",
          "di": {
            "value": [],
            "custom": ""
          },
          "dr": {
            "value": [],
            "custom": ""
          },
          "dv": {
            "value": [],
            "custom": ""
          },
          "ci": {
            "value": [],
            "custom": ""
          }
        },
        "currency": {
          "ryo": 0
        }
      },
      "creature": {
        "attributes": {
          "senses": {
            "darkvision": 0,
            "blindsight": 0,
            "tremorsense": 0,
            "truesight": 0,
            "chakrasight": 0,
            "units": "ft",
            "special": ""
          },
          "spellcasting": "int"
        },
        "details": {
          "alignment": "",
          "clan": ""
        },
        "skills": {
          "acr": {
            "value": 0,
            "ability": "dex",
            "bonuses": {
              "check": "",
              "passive": ""
            }
          },
          "ani": {
            "value": 0,
            "ability": "wis",
            "bonuses": {
              "check": "",
              "passive": ""
            }
          },
          "ath": {
            "value": 0,
            "ability": "str",
            "bonuses": {
              "check": "",
              "passive": ""
            }
          },
          "cha": {
            "value": 0,
            "ability": "con",
            "bonuses": {
              "check": "",
              "passive": ""
            }
          },
          "cra": {
            "value": 0,
            "ability": "int",
            "bonuses": {
              "check": "",
              "passive": ""
            }
          },
          "dec": {
            "value": 0,
            "ability": "cha",
            "bonuses": {
              "check": "",
              "passive": ""
            }
          },
          "ill": {
            "value": 0,
            "ability": "wis",
            "bonuses": {
              "check": "",
              "passive": ""
            }
          },
          "his": {
            "value": 0,
            "ability": "int",
            "bonuses": {
              "check": "",
              "passive": ""
            }
          },
          "ins": {
            "value": 0,
            "ability": "wis",
            "bonuses": {
              "check": "",
              "passive": ""
            }
          },
          "itm": {
            "value": 0,
            "ability": "cha",
            "bonuses": {
              "check": "",
              "passive": ""
            }
          },
          "inv": {
            "value": 0,
            "ability": "int",
            "bonuses": {
              "check": "",
              "passive": ""
            }
          },
          "med": {
            "value": 0,
            "ability": "wis",
            "bonuses": {
              "check": "",
              "passive": ""
            }
          },
          "nat": {
            "value": 0,
            "ability": "int",
            "bonuses": {
              "check": "",
              "passive": ""
            }
          },
          "nin": {
            "value": 0,
            "ability": "int",
            "bonuses": {
              "check": "",
              "passive": ""
            }
          },
          "prc": {
            "value": 0,
            "ability": "wis",
            "bonuses": {
              "check": "",
              "passive": ""
            }
          },
          "prf": {
            "value": 0,
            "ability": "cha",
            "bonuses": {
              "check": "",
              "passive": ""
            }
          },
          "per": {
            "value": 0,
            "ability": "cha",
            "bonuses": {
              "check": "",
              "passive": ""
            }
          },
          "slt": {
            "value": 0,
            "ability": "dex",
            "bonuses": {
              "check": "",
              "passive": ""
            }
          },
          "ste": {
            "value": 0,
            "ability": "dex",
            "bonuses": {
              "check": "",
              "passive": ""
            }
          },
          "sur": {
            "value": 0,
            "ability": "wis",
            "bonuses": {
              "check": "",
              "passive": ""
            }
          },
          "mar": {
            "value": 0,
            "ability": "str",
            "bonuses": {
              "check": "",
              "passive": ""
            }
          }
        },
        "traits": {
          "languages": {
            "value": [],
            "custom": ""
          }
        },
        "spells": {
          "spell1": {
            "value": 0,
            "override": null
          },
          "spell2": {
            "value": 0,
            "override": null
          },
          "spell3": {
            "value": 0,
            "override": null
          },
          "spell4": {
            "value": 0,
            "override": null
          },
          "spell5": {
            "value": 0,
            "override": null
          },
          "spell6": {
            "value": 0,
            "override": null
          },
          "spell7": {
            "value": 0,
            "override": null
          },
          "spell8": {
            "value": 0,
            "override": null
          },
          "spell9": {
            "value": 0,
            "override": null
          },
          "pact": {
            "value": 0,
            "override": null
          }
        },
        "bonuses": {
          "mwak": {
            "attack": "",
            "damage": ""
          },
          "rwak": {
            "attack": "",
            "damage": ""
          },
          "msak": {
            "attack": "",
            "damage": ""
          },
          "rsak": {
            "attack": "",
            "damage": ""
          },
          "abilities": {
            "check": "",
            "save": "",
            "skill": ""
          },
          "spell":  {
            "dc": ""
          }
        }
      }
    },
    "htmlFields": ["details.biography.value", "details.biography.public"],
    "character": {
      "templates": ["common", "creature"],
      "attributes": {
        "death": {
          "success": 0,
          "failure": 0
        },
        "exhaustion": 0,
        "will-of-fire": 0
      },
      "details": {
        "background": "",
        "originalClass": "",
        "xp": {
          "value": 0,
          "min": 0,
          "max": 300
        },
        "appearance": "",
        "trait": "",
        "ideal": "",
        "bond": "",
        "flaw": ""
      },
      "resources": {
        "primary": {
          "value": 0,
          "max": 0,
          "sr": 0,
          "lr": 0
        },
        "secondary": {
          "value": 0,
          "max": 0,
          "sr": 0,
          "lr": 0
        },
        "tertiary": {
          "value": 0,
          "max": 0,
          "sr": 0,
          "lr": 0
        }
      },
      "traits": {
        "weaponProf": {
          "value": [],
          "custom": ""
        },
        "armorProf": {
          "value": [],
          "custom": ""
        },
        "toolProf": {
          "value": [],
          "custom": ""
        }
      }
    },
    "npc": {
      "templates": ["common", "creature"],
      "details": {
        "type": {
          "value": "",
          "subtype": "",
          "swarm": "",
          "custom": ""
        },
        "environment": "",
        "cr": 1,
        "spellLevel": 0,
        "xp": {
          "value": 10
        },
        "source": ""
      },
      "resources": {
        "legact": {
          "value": 0,
          "max": 0
        },
        "legres": {
          "value": 0,
          "max": 0
        },
        "lair": {
          "value": 0,
          "initiative": 0
        }
      }
    },
    "vehicle": {
      "templates": ["common"],
      "vehicleType": "water",
      "abilities": {
        "int": {
          "value": 0
        },
        "wis": {
          "value": 0
        },
        "cha": {
          "value": 0
        }
      },
      "attributes": {
        "ac": {
          "value": null,
          "motionless": ""
        },
        "actions": {
          "stations": false,
          "value": 0,
          "thresholds": {
            "2": null,
            "1": null,
            "0": null
          }
        },
        "hp": {
          "value": null,
          "max": null,
          "dt": null,
          "mt": null
        },
        "capacity": {
          "creature": "",
          "cargo": 0
        }
      },
      "traits": {
        "size": "lg",
        "dimensions": "",
        "di": {
          "value": ["poison", "psychic"]
        },
        "ci": {
          "value": ["blinded", "charmed", "deafened", "frightened", "paralyzed", "petrified", "poisoned", "stunned",
            "unconscious"]
        }
      },
      "cargo": {
        "crew": [],
        "passengers": []
      }
    }
  },
  "Item": {
    "types": ["weapon", "equipment", "consumable", "tool", "loot", "class", "spell", "feat", "backpack"],
    "templates": {
      "itemDescription": {
        "description": {
          "value": "",
          "chat": "",
          "unidentified": ""
        },
        "source": ""
      },
      "physicalItem": {
        "quantity": 1,
        "weight": 0,
        "price": 0,
        "attunement": 0,
        "equipped": false,
        "rarity": "",
        "identified": true
      },
      "activatedEffect": {
        "activation": {
          "type": "",
          "cost": 0,
          "condition": ""
        },
        "duration": {
          "value": null,
          "units": ""
        },
        "target": {
          "value": null,
          "width": null,
          "units": "",
          "type": ""
        },
        "range": {
          "value": null,
          "long": null,
          "units": ""
        },
        "uses": {
          "value": null,
          "max": "",
          "per": null
        },
        "consume": {
          "type": "",
          "target": null,
          "amount": null
        }
      },
      "action": {
        "ability": null,
        "actionType": null,
        "attackBonus": 0,
        "chatFlavor": "",
        "critical": {
          "threshold": null,
          "damage": ""
        },
        "damage": {
          "parts": [],
          "versatile": ""
        },
        "formula": "",
        "save": {
          "ability": "",
          "dc": null,
          "scaling": "spell"
        }
      },
      "mountable": {
        "armor": {
          "value": 10
        },
        "hp": {
          "value": 0,
          "max": 0,
          "dt": null,
          "conditions": ""
        }
      }
    },
    "htmlFields": ["description.value", "description.chat", "description.unidentified"],
    "backpack": {
      "templates": ["itemDescription", "physicalItem"],
      "capacity": {
        "type": "weight",
        "value": 0,
        "weightless": false
      },
      "currency": {
        "cp": 0,
        "sp": 0,
        "ep": 0,
        "gp": 0,
        "ryo": 0
      }
    },
    "class": {
      "templates": ["itemDescription"],
      "levels": 1,
      "subclass": "",
      "hitDice": "d6",
      "hitDiceUsed": 0,
      "chakraDice": "d6",
      "chakraDiceUsed": 0,
      "saves": [],
      "skills": {
        "number": 2,
        "choices": [],
        "value": []
      },
      "spellcasting": {
        "progression": "none",
        "ability": ""
      }
    },
    "consumable": {
      "templates": ["itemDescription", "physicalItem", "activatedEffect", "action"],
      "consumableType": "potion",
      "uses": {
        "autoDestroy": false
      }
    },
    "equipment": {
      "templates": ["itemDescription", "physicalItem", "activatedEffect", "action", "mountable"],
      "armor": {
        "type": "light",
        "value": null,
        "dex": null
      },
      "baseItem": "",
      "speed": {
        "value": null,
        "conditions": ""
      },
      "strength": 0,
      "stealth": false,
      "proficient": true
    },
    "feat": {
      "templates": ["itemDescription", "activatedEffect", "action"],
      "requirements": "",
      "recharge": {
        "value": null,
        "charged": false
      }
    },
    "loot": {
      "templates": ["itemDescription", "physicalItem"]
    },
    "tool": {
      "templates": ["itemDescription", "physicalItem"],
      "toolType": "",
      "baseItem": "",
      "ability": "int",
      "chatFlavor": "",
      "proficient": 0,
      "bonus": ""
    },
    "spell": {
      "templates": ["itemDescription", "activatedEffect", "action"],
      "level": 1,
      "school": "",
      "components": {
        "value": "",
        "vocal": false,
        "somatic": false,
        "material": false,
        "chakraseals": false,
        "handseals": false,
        "mobility": false,
        "molding": false,
        "weapon": false,
		"ninjatool": false,
        "medical": false,
        "fuinjutsu": false,
        "sensory": false,
		"clash": false,
        "ritual": false,
        "concentration": false
      },
      "materials": {
        "value": "",
        "consumed": false,
        "cost": 0,
        "supply": 0
      },
      "preparation": {
        "mode": "prepared",
        "prepared": false
      },
      "scaling": {
        "mode": "none",
        "formula": null
      }
    },
    "weapon": {
      "templates": ["itemDescription", "physicalItem" ,"activatedEffect", "action", "mountable"],
      "weaponType": "simpleM",
      "baseItem": "",
      "properties": {},
      "proficient": true
    }
  }
}
