{
  "name": "n5e",
  "title": "n5e Custom System",
  "description": "A system for playing the N5E System in the Foundry Virtual Tabletop environment.",
  "version": "0.6.1",
  "author": "Yaco, System made by Kingsare4ever",
  "scripts": [],
  "esmodules": ["n5e.js"],
  "styles": ["n5e.css"],
  "packs": [
    {
      "name": "items",
      "label": "Items (SRD)",
      "system": "n5e",
      "path": "./packs/items.db",
      "entity": "Item"
    },
    {
      "name": "tradegoods",
      "label": "Trade Goods (SRD)",
      "system": "n5e",
      "path": "./packs/tradegoods.db",
      "entity": "Item"
    },
    {
      "name": "monsterfeatures",
      "label": "Monster Features (SRD)",
      "system": "n5e",
      "path": "./packs/monsterfeatures.db",
      "entity": "Item"
    },
    {
      "name": "non-elemental-e-rank",
      "label": "Non Elemental E-rank",
      "system": "n5e",
      "path": "./packs/non-elemental-e-rank.db",
      "entity": "Item"
    },
    {
      "name": "non-elemental-d-rank",
      "label": "Non Elemental D-rank",
      "system": "n5e",
      "path": "./packs/non-elemental-d-rank.db",
      "entity": "Item"
    },
    {
      "name": "non-elemental-c-rank",
      "label": "Non Elemental C-rank",
      "system": "n5e",
      "path": "./packs/non-elemental-c-rank.db",
      "entity": "Item"
    },
    {
      "name": "non-elemental-b-rank",
      "label": "Non Elemental B-rank",
      "system": "n5e",
      "path": "./packs/non-elemental-b-rank.db",
      "entity": "Item"
    },
    {
      "name": "rules",
      "label": "Rules (SRD)",
      "system": "n5e",
      "path": "./packs/rules.db",
      "entity": "JournalEntry"
    }
  ],
  "languages": [
    {
      "lang": "en",
      "name": "English",
      "path": "lang/en.json"
    }
  ],
  "socket": true,
  "gridDistance": 5,
  "gridUnits": "ft",
  "primaryTokenAttribute": "attributes.hp",
  "secondaryTokenAttribute": "attributes.cp",
  "minimumCoreVersion": "0.8.9",
  "compatibleCoreVersion": "0.8.9",
  "url": "https://gitlab.com/foundrynet/n5e",
  "manifest": "https://gitlab.com/api/v4/projects/foundrynet%2Fn5e/packages/generic/n5e/latest/system.json",
  "download": "https://gitlab.com/foundrynet/n5e/-/releases/release-1.5.5/downloads/n5e-release-1.5.5.zip"
}
